{
"lengthUnit": "mil",
"components": {
	"fields": ["COMPONENT_NO", "COMPONENT_NAME", "LAYER", "X_COORDINATE", "Y_COORDINATE", "ANGLE"],
	"rows": [
		[1, "C1", "T", 95, 720, 90],
		[2, "C2", "T", 200, 690, 270],
		[3, "C3", "T", 2370, 1780, 270],
		[4, "C4", "T", 2455, 1780, 270],
		[5, "C7", "T", 2409.03, 872.24, 90],
		[6, "C8", "T", 2065, 1300, 270],
		[7, "C9", "T", 2489.15, 872.77, 90],
		[8, "C10", "T", 2145, 1300, 270],
		[9, "J1", "T", 2297.5, 1330, 90],
		[10, "J2", "T", 2420, 1330, 90],
		[11, "J3", "T", 2403, 1594.87, 180],
		[12, "R1", "T", 1905, 1485, 90],
		[13, "R2", "T", 2000, 1485, 90],
		[14, "RF1", "T", 1124.82, 2039.69, 0],
		[15, "U1", "T", 1279.53, 1137.79, 180],
		[16, "U3", "T", 805, 1045, 180],
		[17, "U4", "T", 2135, 1035, 0],
		[18, "U5", "T", 1971.64, 1650.53, 180]
	]
},
"pins": {
	"fields": ["PIN_NO", "PIN_NAME", "PIN_X", "PIN_Y", "LAYER", "PIN_TYPE", "NET_NAME", "NET_TYPE", "PAD_SHAPE", "PAD_SIZEX", "PAD_SIZEY", "HOLE_SIZE", "PAD_ANGLE"],
	"rows": [
		[1, "C1_1", 95, 646.75, "T", "SMD", "+5V", "", "R", 59.3, 93.54, 0, 270],
		[2, "C1_2", 95, 793.25, "T", "SMD", "GND", "GND", "R", 59.3, 93.54, 0, 270],
		[3, "C2_1", 200, 729.37, "T", "SMD", "GND", "GND", "R", 55.51, 53.15, 0, 270],
		[4, "C2_2", 200, 650.63, "T", "SMD", "+5V", "", "R", 55.51, 53.15, 0, 270],
		[5, "C3_1", 2370, 1819.37, "T", "SMD", "GND", "GND", "R", 55.51, 53.15, 0, 270],
		[6, "C3_2", 2370, 1740.63, "T", "SMD", "VINGPS", "", "R", 55.51, 53.15, 0, 270],
		[7, "C4_1", 2455, 1819.37, "T", "SMD", "GND", "GND", "R", 55.51, 53.15, 0, 270],
		[8, "C4_2", 2455, 1740.63, "T", "SMD", "VINGPS", "", "R", 55.51, 53.15, 0, 270],
		[9, "C7_1", 2409.03, 832.87, "T", "SMD", "GND", "GND", "R", 55.51, 53.15, 0, 90],
		[10, "C7_2", 2409.03, 911.61, "T", "SMD", "+5V", "", "R", 55.51, 53.15, 0, 90],
		[11, "C8_1", 2065, 1339.37, "T", "SMD", "GND", "GND", "R", 55.51, 53.15, 0, 270],
		[12, "C8_2", 2065, 1260.63, "T", "SMD", "3V3", "", "R", 55.51, 53.15, 0, 270],
		[13, "C9_1", 2489.15, 833.4, "T", "SMD", "GND", "GND", "R", 55.51, 53.15, 0, 90],
		[14, "C9_2", 2489.15, 912.14, "T", "SMD", "+5V", "", "R", 55.51, 53.15, 0, 90],
		[15, "C10_1", 2145, 1339.37, "T", "SMD", "GND", "GND", "R", 55.51, 53.15, 0, 270],
		[16, "C10_2", 2145, 1260.63, "T", "SMD", "3V3", "", "R", 55.51, 53.15, 0, 270],
		[17, "J1_1", 2297.5, 1180, "T", "DIP", "3V3", "", "R", 62, 62, 37.4, 90],
		[18, "J1_1", 2297.5, 1180, "B", "DIP", "3V3", "", "R", 62, 62, 37.4, 90],
		[19, "J1_2", 2297.5, 1280, "T", "DIP", "GND", "GND", "C", 62, 62, 35.98, 90],
		[20, "J1_2", 2297.5, 1280, "B", "DIP", "GND", "GND", "C", 62, 62, 35.98, 90],
		[21, "J1_3", 2297.5, 1380, "T", "DIP", "SCL", "", "C", 62, 62, 35.98, 90],
		[22, "J1_3", 2297.5, 1380, "B", "DIP", "SCL", "", "C", 62, 62, 35.98, 90],
		[23, "J1_4", 2297.5, 1480, "T", "DIP", "SDA", "", "C", 62, 62, 35.98, 90],
		[24, "J1_4", 2297.5, 1480, "B", "DIP", "SDA", "", "C", 62, 62, 35.98, 90],
		[25, "J2_1", 2420, 1180, "T", "DIP", "3V3", "", "R", 62, 62, 37.4, 90],
		[26, "J2_1", 2420, 1180, "B", "DIP", "3V3", "", "R", 62, 62, 37.4, 90],
		[27, "J2_2", 2420, 1280, "T", "DIP", "GND", "GND", "C", 62, 62, 35.98, 90],
		[28, "J2_2", 2420, 1280, "B", "DIP", "GND", "GND", "C", 62, 62, 35.98, 90],
		[29, "J2_3", 2420, 1380, "T", "DIP", "SCL", "", "C", 62, 62, 35.98, 90],
		[30, "J2_3", 2420, 1380, "B", "DIP", "SCL", "", "C", 62, 62, 35.98, 90],
		[31, "J2_4", 2420, 1480, "T", "DIP", "SDA", "", "C", 62, 62, 35.98, 90],
		[32, "J2_4", 2420, 1480, "B", "DIP", "SDA", "", "C", 62, 62, 35.98, 90],
		[33, "J3_1", 2503, 1594.87, "T", "DIP", "+5V", "", "R", 66.93, 66.93, 43.31, 180],
		[34, "J3_1", 2503, 1594.87, "B", "DIP", "+5V", "", "R", 66.93, 66.93, 43.31, 180],
		[35, "J3_2", 2403, 1594.87, "T", "DIP", "VINGPS", "", "C", 66.93, 66.93, 43.31, 180],
		[36, "J3_2", 2403, 1594.87, "B", "DIP", "VINGPS", "", "C", 66.93, 66.93, 43.31, 180],
		[37, "J3_3", 2303, 1594.87, "T", "DIP", "3V3", "", "C", 66.93, 66.93, 43.31, 180],
		[38, "J3_3", 2303, 1594.87, "B", "DIP", "3V3", "", "C", 66.93, 66.93, 43.31, 180],
		[39, "R1_1", 1905, 1445.63, "T", "SMD", "$1N9", "", "R", 44.59, 54.21, 0, 90],
		[40, "R1_2", 1905, 1524.37, "T", "SMD", "$1N26", "", "R", 44.59, 54.21, 0, 90],
		[41, "R2_1", 2000, 1445.63, "T", "SMD", "$1N10", "", "R", 44.59, 54.21, 0, 90],
		[42, "R2_2", 2000, 1524.37, "T", "SMD", "$1N27", "", "R", 44.59, 54.21, 0, 90],
		[43, "RF1_1", 1024.82, 2139.69, "T", "DIP", "GND", "GND", "C", 98.42, 98.42, 59.06, 0],
		[44, "RF1_1", 1024.82, 2139.69, "B", "DIP", "GND", "GND", "C", 98.42, 98.42, 59.06, 0],
		[45, "RF1_2", 1224.82, 2139.69, "T", "DIP", "GND", "GND", "C", 98.42, 98.42, 59.06, 0],
		[46, "RF1_2", 1224.82, 2139.69, "B", "DIP", "GND", "GND", "C", 98.42, 98.42, 59.06, 0],
		[47, "RF1_3", 1224.82, 1939.69, "T", "DIP", "GND", "GND", "C", 98.42, 98.42, 59.06, 0],
		[48, "RF1_3", 1224.82, 1939.69, "B", "DIP", "GND", "GND", "C", 98.42, 98.42, 59.06, 0],
		[49, "RF1_4", 1024.82, 1939.69, "T", "DIP", "GND", "GND", "C", 98.42, 98.42, 59.06, 0],
		[50, "RF1_4", 1024.82, 1939.69, "B", "DIP", "GND", "GND", "C", 98.42, 98.42, 59.06, 0],
		[51, "RF1_5", 1124.82, 2039.69, "T", "DIP", "ANT", "", "C", 98.42, 98.42, 59, 0],
		[52, "RF1_5", 1124.82, 2039.69, "B", "DIP", "ANT", "", "C", 98.42, 98.42, 59, 0],
		[53, "U1_1", 2229.52, 187.79, "T", "DIP", "U1_1", "", "R", 66.93, 66.93, 35, 180],
		[54, "U1_1", 2229.52, 187.79, "B", "DIP", "U1_1", "", "R", 66.93, 66.93, 35, 180],
		[55, "U1_2", 2229.53, 87.79, "T", "DIP", "+5V", "", "C", 66.93, 66.93, 37.2, 180],
		[56, "U1_2", 2229.53, 87.79, "B", "DIP", "+5V", "", "C", 66.93, 66.93, 37.2, 180],
		[57, "U1_3", 2129.53, 187.79, "T", "DIP", "SDA", "", "C", 66.93, 66.93, 35, 180],
		[58, "U1_3", 2129.53, 187.79, "B", "DIP", "SDA", "", "C", 66.93, 66.93, 35, 180],
		[59, "U1_4", 2129.53, 87.79, "T", "DIP", "+5V", "", "C", 66.93, 66.93, 37.2, 180],
		[60, "U1_4", 2129.53, 87.79, "B", "DIP", "+5V", "", "C", 66.93, 66.93, 37.2, 180],
		[61, "U1_5", 2029.53, 187.79, "T", "DIP", "SCL", "", "C", 66.93, 66.93, 35, 180],
		[62, "U1_5", 2029.53, 187.79, "B", "DIP", "SCL", "", "C", 66.93, 66.93, 35, 180],
		[63, "U1_6", 2029.53, 87.79, "T", "DIP", "GND", "GND", "C", 66.93, 66.93, 35, 180],
		[64, "U1_6", 2029.53, 87.79, "B", "DIP", "GND", "GND", "C", 66.93, 66.93, 35, 180],
		[65, "U1_7", 1929.53, 187.79, "T", "DIP", "U1_7", "", "C", 66.93, 66.93, 35, 180],
		[66, "U1_7", 1929.53, 187.79, "B", "DIP", "U1_7", "", "C", 66.93, 66.93, 35, 180],
		[67, "U1_8", 1929.53, 87.79, "T", "DIP", "$1N9", "", "C", 66.93, 66.93, 35, 180],
		[68, "U1_8", 1929.53, 87.79, "B", "DIP", "$1N9", "", "C", 66.93, 66.93, 35, 180],
		[69, "U1_9", 1829.53, 187.79, "T", "DIP", "GND", "GND", "C", 66.93, 66.93, 35, 180],
		[70, "U1_9", 1829.53, 187.79, "B", "DIP", "GND", "GND", "C", 66.93, 66.93, 35, 180],
		[71, "U1_10", 1829.53, 87.79, "T", "DIP", "$1N10", "", "C", 66.93, 66.93, 35, 180],
		[72, "U1_10", 1829.53, 87.79, "B", "DIP", "$1N10", "", "C", 66.93, 66.93, 35, 180],
		[73, "U1_11", 1729.53, 187.79, "T", "DIP", "U1_11", "", "C", 66.93, 66.93, 35, 180],
		[74, "U1_11", 1729.53, 187.79, "B", "DIP", "U1_11", "", "C", 66.93, 66.93, 35, 180],
		[75, "U1_12", 1729.53, 87.79, "T", "DIP", "RST", "", "C", 66.93, 66.93, 35, 180],
		[76, "U1_12", 1729.53, 87.79, "B", "DIP", "RST", "", "C", 66.93, 66.93, 35, 180],
		[77, "U1_13", 1629.53, 187.79, "T", "DIP", "U1_13", "", "C", 66.93, 66.93, 35, 180],
		[78, "U1_13", 1629.53, 187.79, "B", "DIP", "U1_13", "", "C", 66.93, 66.93, 35, 180],
		[79, "U1_14", 1629.53, 87.79, "T", "DIP", "GND", "GND", "C", 66.93, 66.93, 35, 180],
		[80, "U1_14", 1629.53, 87.79, "B", "DIP", "GND", "GND", "C", 66.93, 66.93, 35, 180],
		[81, "U1_15", 1529.53, 187.79, "T", "DIP", "U1_15", "", "C", 66.93, 66.93, 35, 180],
		[82, "U1_15", 1529.53, 187.79, "B", "DIP", "U1_15", "", "C", 66.93, 66.93, 35, 180],
		[83, "U1_16", 1529.53, 87.79, "T", "DIP", "PPS", "", "C", 66.93, 66.93, 35, 180],
		[84, "U1_16", 1529.53, 87.79, "B", "DIP", "PPS", "", "C", 66.93, 66.93, 35, 180],
		[85, "U1_17", 1429.53, 187.79, "T", "DIP", "U1_17", "", "C", 66.93, 66.93, 35, 180],
		[86, "U1_17", 1429.53, 187.79, "B", "DIP", "U1_17", "", "C", 66.93, 66.93, 35, 180],
		[87, "U1_18", 1429.53, 87.79, "T", "DIP", "U1_18", "", "C", 66.93, 66.93, 35, 180],
		[88, "U1_18", 1429.53, 87.79, "B", "DIP", "U1_18", "", "C", 66.93, 66.93, 35, 180],
		[89, "U1_19", 1329.53, 187.79, "T", "DIP", "MOSI", "", "C", 66.93, 66.93, 37.2, 180],
		[90, "U1_19", 1329.53, 187.79, "B", "DIP", "MOSI", "", "C", 66.93, 66.93, 37.2, 180],
		[91, "U1_20", 1329.53, 87.79, "T", "DIP", "GND", "GND", "C", 66.93, 66.93, 35, 180],
		[92, "U1_20", 1329.53, 87.79, "B", "DIP", "GND", "GND", "C", 66.93, 66.93, 35, 180],
		[93, "U1_21", 1229.53, 187.79, "T", "DIP", "MISO", "", "C", 66.93, 66.93, 37.2, 180],
		[94, "U1_21", 1229.53, 187.79, "B", "DIP", "MISO", "", "C", 66.93, 66.93, 37.2, 180],
		[95, "U1_22", 1229.53, 87.79, "T", "DIP", "U1_22", "", "C", 66.93, 66.93, 35, 180],
		[96, "U1_22", 1229.53, 87.79, "B", "DIP", "U1_22", "", "C", 66.93, 66.93, 35, 180],
		[97, "U1_23", 1129.53, 187.79, "T", "DIP", "CLK", "", "C", 66.93, 66.93, 37.2, 180],
		[98, "U1_23", 1129.53, 187.79, "B", "DIP", "CLK", "", "C", 66.93, 66.93, 37.2, 180],
		[99, "U1_24", 1129.53, 87.79, "T", "DIP", "U1_24", "", "C", 66.93, 66.93, 35, 180],
		[100, "U1_24", 1129.53, 87.79, "B", "DIP", "U1_24", "", "C", 66.93, 66.93, 35, 180],
		[101, "U1_25", 1029.53, 187.79, "T", "DIP", "GND", "GND", "C", 66.93, 66.93, 35, 180],
		[102, "U1_25", 1029.53, 187.79, "B", "DIP", "GND", "GND", "C", 66.93, 66.93, 35, 180],
		[103, "U1_26", 1029.53, 87.79, "T", "DIP", "U1_26", "", "C", 66.93, 66.93, 35, 180],
		[104, "U1_26", 1029.53, 87.79, "B", "DIP", "U1_26", "", "C", 66.93, 66.93, 35, 180],
		[105, "U1_27", 929.53, 187.79, "T", "DIP", "U1_27", "", "C", 66.93, 66.93, 35, 180],
		[106, "U1_27", 929.53, 187.79, "B", "DIP", "U1_27", "", "C", 66.93, 66.93, 35, 180],
		[107, "U1_28", 929.53, 87.79, "T", "DIP", "U1_28", "", "C", 66.93, 66.93, 35, 180],
		[108, "U1_28", 929.53, 87.79, "B", "DIP", "U1_28", "", "C", 66.93, 66.93, 35, 180],
		[109, "U1_29", 829.53, 187.79, "T", "DIP", "U1_29", "", "C", 66.93, 66.93, 35, 180],
		[110, "U1_29", 829.53, 187.79, "B", "DIP", "U1_29", "", "C", 66.93, 66.93, 35, 180],
		[111, "U1_30", 829.53, 87.79, "T", "DIP", "GND", "GND", "C", 66.93, 66.93, 35, 180],
		[112, "U1_30", 829.53, 87.79, "B", "DIP", "GND", "GND", "C", 66.93, 66.93, 35, 180],
		[113, "U1_31", 729.53, 187.79, "T", "DIP", "U1_31", "", "C", 66.93, 66.93, 35, 180],
		[114, "U1_31", 729.53, 187.79, "B", "DIP", "U1_31", "", "C", 66.93, 66.93, 35, 180],
		[115, "U1_32", 729.53, 87.79, "T", "DIP", "RXEN", "", "C", 66.93, 66.93, 35, 180],
		[116, "U1_32", 729.53, 87.79, "B", "DIP", "RXEN", "", "C", 66.93, 66.93, 35, 180],
		[117, "U1_33", 629.53, 187.79, "T", "DIP", "TXEN", "", "C", 66.93, 66.93, 35, 180],
		[118, "U1_33", 629.53, 187.79, "B", "DIP", "TXEN", "", "C", 66.93, 66.93, 35, 180],
		[119, "U1_34", 629.53, 87.79, "T", "DIP", "GND", "GND", "C", 66.93, 66.93, 35, 180],
		[120, "U1_34", 629.53, 87.79, "B", "DIP", "GND", "GND", "C", 66.93, 66.93, 35, 180],
		[121, "U1_35", 529.53, 187.79, "T", "DIP", "U1_35", "", "C", 66.93, 66.93, 35, 180],
		[122, "U1_35", 529.53, 187.79, "B", "DIP", "U1_35", "", "C", 66.93, 66.93, 35, 180],
		[123, "U1_36", 529.53, 87.79, "T", "DIP", "DIO1", "", "C", 66.93, 66.93, 37.2, 180],
		[124, "U1_36", 529.53, 87.79, "B", "DIP", "DIO1", "", "C", 66.93, 66.93, 37.2, 180],
		[125, "U1_37", 429.53, 187.79, "T", "DIP", "U1_37", "", "C", 66.93, 66.93, 35, 180],
		[126, "U1_37", 429.53, 187.79, "B", "DIP", "U1_37", "", "C", 66.93, 66.93, 35, 180],
		[127, "U1_38", 429.53, 87.79, "T", "DIP", "BUSY", "", "C", 66.93, 66.93, 37.2, 180],
		[128, "U1_38", 429.53, 87.79, "B", "DIP", "BUSY", "", "C", 66.93, 66.93, 37.2, 180],
		[129, "U1_39", 329.53, 187.79, "T", "DIP", "GND", "GND", "C", 66.93, 66.93, 35, 180],
		[130, "U1_39", 329.53, 187.79, "B", "DIP", "GND", "GND", "C", 66.93, 66.93, 35, 180],
		[131, "U1_40", 329.53, 87.79, "T", "DIP", "NSS", "", "C", 66.93, 66.93, 37.2, 180],
		[132, "U1_40", 329.53, 87.79, "B", "DIP", "NSS", "", "C", 66.93, 66.93, 37.2, 180],
		[133, "U3_1", 332.56, 1644.61, "T", "SMD", "GND", "GND", "R", 98.42, 59.05, 0, 180],
		[134, "U3_2", 332.56, 1544.61, "T", "SMD", "GND", "GND", "R", 98.42, 59.05, 0, 180],
		[135, "U3_3", 332.56, 1444.61, "T", "SMD", "GND", "GND", "R", 98.42, 59.05, 0, 180],
		[136, "U3_4", 332.56, 1145.39, "T", "SMD", "GND", "GND", "R", 98.42, 59.05, 0, 180],
		[137, "U3_5", 332.56, 1045.39, "T", "SMD", "GND", "GND", "R", 98.42, 59.05, 0, 180],
		[138, "U3_6", 332.56, 945.39, "T", "SMD", "RXEN", "", "R", 98.42, 59.05, 0, 180],
		[139, "U3_7", 332.56, 845.39, "T", "SMD", "TXEN", "", "R", 98.42, 59.05, 0, 180],
		[140, "U3_8", 332.56, 745.39, "T", "SMD", "U3_8", "", "R", 98.42, 59.05, 0, 180],
		[141, "U3_9", 332.56, 645.39, "T", "SMD", "+5V", "", "R", 98.42, 59.05, 0, 180],
		[142, "U3_10", 332.56, 545.39, "T", "SMD", "+5V", "", "R", 98.42, 59.05, 0, 180],
		[143, "U3_11", 332.56, 445.39, "T", "SMD", "GND", "GND", "R", 98.42, 59.05, 0, 180],
		[144, "U3_12", 1277.44, 445.39, "T", "SMD", "GND", "GND", "R", 98.42, 59.05, 0, 180],
		[145, "U3_13", 1277.44, 545.39, "T", "SMD", "DIO1", "", "R", 98.42, 59.05, 0, 180],
		[146, "U3_14", 1277.44, 645.39, "T", "SMD", "BUSY", "", "R", 98.42, 59.05, 0, 180],
		[147, "U3_15", 1277.44, 745.39, "T", "SMD", "RST", "", "R", 98.42, 59.05, 0, 180],
		[148, "U3_16", 1277.44, 845.39, "T", "SMD", "MISO", "", "R", 98.42, 59.05, 0, 180],
		[149, "U3_17", 1277.44, 945.39, "T", "SMD", "MOSI", "", "R", 98.42, 59.05, 0, 180],
		[150, "U3_18", 1277.44, 1045.39, "T", "SMD", "CLK", "", "R", 98.42, 59.05, 0, 180],
		[151, "U3_19", 1277.44, 1145.39, "T", "SMD", "NSS", "", "R", 98.42, 59.05, 0, 180],
		[152, "U3_20", 1277.44, 1444.61, "T", "SMD", "GND", "GND", "R", 98.42, 59.05, 0, 180],
		[153, "U3_21", 1277.44, 1544.61, "T", "SMD", "ANT", "", "R", 98.42, 59.05, 0, 180],
		[154, "U3_22", 1277.44, 1644.61, "T", "SMD", "GND", "GND", "R", 98.42, 59.05, 0, 180],
		[155, "U4_1", 2044.45, 923.39, "T", "SMD", "GND", "GND", "R", 97.24, 38.58, 0, 270],
		[156, "U4_2", 2135, 923.39, "T", "SMD", "3V3", "", "R", 97.24, 38.58, 0, 270],
		[157, "U4_3", 2225.55, 923.39, "T", "SMD", "+5V", "", "R", 97.24, 38.58, 0, 270],
		[158, "U4_4", 2135, 1146.61, "T", "SMD", "3V3", "", "R", 97.24, 141.73, 0, 270],
		[159, "U5_1", 2171.64, 1650.53, "T", "DIP", "VINGPS", "", "C", 60, 60, 36, 270],
		[160, "U5_1", 2171.64, 1650.53, "B", "DIP", "VINGPS", "", "C", 60, 60, 36, 270],
		[161, "U5_2", 2071.64, 1650.53, "T", "DIP", "GND", "GND", "C", 60, 60, 36, 270],
		[162, "U5_2", 2071.64, 1650.53, "B", "DIP", "GND", "GND", "C", 60, 60, 36, 270],
		[163, "U5_3", 1971.64, 1650.53, "T", "DIP", "$1N27", "", "C", 60, 60, 36, 270],
		[164, "U5_3", 1971.64, 1650.53, "B", "DIP", "$1N27", "", "C", 60, 60, 36, 270],
		[165, "U5_4", 1871.64, 1650.53, "T", "DIP", "$1N26", "", "C", 60, 60, 36, 270],
		[166, "U5_4", 1871.64, 1650.53, "B", "DIP", "$1N26", "", "C", 60, 60, 36, 270],
		[167, "U5_5", 1771.64, 1650.53, "T", "DIP", "PPS", "", "C", 60, 60, 36, 270],
		[168, "U5_5", 1771.64, 1650.53, "B", "DIP", "PPS", "", "C", 60, 60, 36, 270]
	]
}
}